
{
  "header": {
    "reportVersion": 1,
    "event": "Allocation failed - JavaScript heap out of memory",
    "trigger": "FatalError",
    "filename": "report.20200704.135439.4616.0.001.json",
    "dumpEventTime": "2020-07-04T13:54:39Z",
    "dumpEventTimeStamp": "1593854679514",
    "processId": 4616,
    "cwd": "/home/monta/workspace/monta/appaman-web",
    "commandLine": [
      "/usr/local/bin/node",
      "index.js"
    ],
    "nodejsVersion": "v12.13.1",
    "glibcVersionRuntime": "2.27",
    "glibcVersionCompiler": "2.17",
    "wordSize": 64,
    "arch": "x64",
    "platform": "linux",
    "componentVersions": {
      "node": "12.13.1",
      "v8": "7.7.299.13-node.16",
      "uv": "1.33.1",
      "zlib": "1.2.11",
      "brotli": "1.0.7",
      "ares": "1.15.0",
      "modules": "72",
      "nghttp2": "1.39.2",
      "napi": "5",
      "llhttp": "1.1.4",
      "http_parser": "2.8.0",
      "openssl": "1.1.1d",
      "cldr": "35.1",
      "icu": "64.2",
      "tz": "2019c",
      "unicode": "12.1"
    },
    "release": {
      "name": "node",
      "lts": "Erbium",
      "headersUrl": "https://nodejs.org/download/release/v12.13.1/node-v12.13.1-headers.tar.gz",
      "sourceUrl": "https://nodejs.org/download/release/v12.13.1/node-v12.13.1.tar.gz"
    },
    "osName": "Linux",
    "osRelease": "4.15.0-99-generic",
    "osVersion": "#100-Ubuntu SMP Wed Apr 22 20:32:56 UTC 2020",
    "osMachine": "x86_64",
    "cpus": [
      {
        "model": "Intel(R) Core(TM) i3-8100 CPU @ 3.60GHz",
        "speed": 3600,
        "user": 11645900,
        "nice": 8200,
        "sys": 1894800,
        "idle": 126535000,
        "irq": 0
      },
      {
        "model": "Intel(R) Core(TM) i3-8100 CPU @ 3.60GHz",
        "speed": 3426,
        "user": 12098000,
        "nice": 7800,
        "sys": 2208100,
        "idle": 125414200,
        "irq": 0
      },
      {
        "model": "Intel(R) Core(TM) i3-8100 CPU @ 3.60GHz",
        "speed": 3571,
        "user": 11650200,
        "nice": 7700,
        "sys": 2026800,
        "idle": 125385100,
        "irq": 0
      },
      {
        "model": "Intel(R) Core(TM) i3-8100 CPU @ 3.60GHz",
        "speed": 3535,
        "user": 11499300,
        "nice": 6200,
        "sys": 1915500,
        "idle": 126306100,
        "irq": 0
      }
    ],
    "networkInterfaces": [
      {
        "name": "lo",
        "internal": true,
        "mac": "00:00:00:00:00:00",
        "address": "127.0.0.1",
        "netmask": "255.0.0.0",
        "family": "IPv4"
      },
      {
        "name": "enp6s0",
        "internal": false,
        "mac": "4c:ed:fb:41:1a:51",
        "address": "192.168.1.161",
        "netmask": "255.255.255.0",
        "family": "IPv4"
      },
      {
        "name": "lo",
        "internal": true,
        "mac": "00:00:00:00:00:00",
        "address": "::1",
        "netmask": "ffff:ffff:ffff:ffff:ffff:ffff:ffff:ffff",
        "family": "IPv6",
        "scopeid": 0
      },
      {
        "name": "enp6s0",
        "internal": false,
        "mac": "4c:ed:fb:41:1a:51",
        "address": "fe80::3042:69d:ed28:9fc4",
        "netmask": "ffff:ffff:ffff:ffff::",
        "family": "IPv6",
        "scopeid": 2
      }
    ],
    "host": "monta-system"
  },
  "javascriptStack": {
    "message": "No stack.",
    "stack": [
      "Unavailable."
    ]
  },
  "nativeStack": [
    {
      "pc": "0x0000000000b04935",
      "symbol": "report::TriggerNodeReport(v8::Isolate*, node::Environment*, char const*, char const*, std::string const&, v8::Local<v8::String>) [/usr/local/bin/node]"
    },
    {
      "pc": "0x00000000009db9e3",
      "symbol": "node::OnFatalError(char const*, char const*) [/usr/local/bin/node]"
    },
    {
      "pc": "0x0000000000b39f1e",
      "symbol": "v8::Utils::ReportOOMFailure(v8::internal::Isolate*, char const*, bool) [/usr/local/bin/node]"
    },
    {
      "pc": "0x0000000000b3a299",
      "symbol": "v8::internal::V8::FatalProcessOutOfMemory(v8::internal::Isolate*, char const*, bool) [/usr/local/bin/node]"
    },
    {
      "pc": "0x0000000000ce5635",
      "symbol": " [/usr/local/bin/node]"
    },
    {
      "pc": "0x0000000000ce5cc6",
      "symbol": "v8::internal::Heap::RecomputeLimits(v8::internal::GarbageCollector) [/usr/local/bin/node]"
    },
    {
      "pc": "0x0000000000cf1b5a",
      "symbol": "v8::internal::Heap::PerformGarbageCollection(v8::internal::GarbageCollector, v8::GCCallbackFlags) [/usr/local/bin/node]"
    },
    {
      "pc": "0x0000000000cf2a65",
      "symbol": "v8::internal::Heap::CollectGarbage(v8::internal::AllocationSpace, v8::internal::GarbageCollectionReason, v8::GCCallbackFlags) [/usr/local/bin/node]"
    },
    {
      "pc": "0x0000000000cf5478",
      "symbol": "v8::internal::Heap::AllocateRawWithRetryOrFail(int, v8::internal::AllocationType, v8::internal::AllocationAlignment) [/usr/local/bin/node]"
    },
    {
      "pc": "0x0000000000cbbda7",
      "symbol": "v8::internal::Factory::NewFillerObject(int, bool, v8::internal::AllocationType) [/usr/local/bin/node]"
    },
    {
      "pc": "0x0000000000ff1e0b",
      "symbol": "v8::internal::Runtime_AllocateInYoungGeneration(int, unsigned long*, v8::internal::Isolate*) [/usr/local/bin/node]"
    },
    {
      "pc": "0x0000000001374fd9",
      "symbol": " [/usr/local/bin/node]"
    }
  ],
  "javascriptHeap": {
    "totalMemory": 2158559232,
    "totalCommittedMemory": 2157145080,
    "usedMemory": 2129541576,
    "availableMemory": 60818928,
    "memoryLimit": 2197815296,
    "heapSpaces": {
      "read_only_space": {
        "memorySize": 262144,
        "committedMemory": 32568,
        "capacity": 261872,
        "used": 32296,
        "available": 229576
      },
      "new_space": {
        "memorySize": 14680064,
        "committedMemory": 13878520,
        "capacity": 7332416,
        "used": 337688,
        "available": 6994728
      },
      "old_space": {
        "memorySize": 392802304,
        "committedMemory": 392546728,
        "capacity": 388771392,
        "used": 381765248,
        "available": 7006144
      },
      "code_space": {
        "memorySize": 3047424,
        "committedMemory": 2921056,
        "capacity": 2489344,
        "used": 2489344,
        "available": 0
      },
      "map_space": {
        "memorySize": 8392704,
        "committedMemory": 8391616,
        "capacity": 6913280,
        "used": 6913280,
        "available": 0
      },
      "large_object_space": {
        "memorySize": 1738752000,
        "committedMemory": 1738752000,
        "capacity": 1737453064,
        "used": 1737453064,
        "available": 0
      },
      "code_large_object_space": {
        "memorySize": 622592,
        "committedMemory": 622592,
        "capacity": 550656,
        "used": 550656,
        "available": 0
      },
      "new_large_object_space": {
        "memorySize": 0,
        "committedMemory": 0,
        "capacity": 7332416,
        "used": 0,
        "available": 7332416
      }
    }
  },
  "resourceUsage": {
    "userCpuSeconds": 714.511,
    "kernelCpuSeconds": 33.8228,
    "cpuConsumptionPercent": 5.29832,
    "maxRss": 2545295360,
    "pageFaults": {
      "IORequired": 48,
      "IONotRequired": 8625193
    },
    "fsActivity": {
      "reads": 185200,
      "writes": 31287288
    }
  },
  "uvthreadResourceUsage": {
    "userCpuSeconds": 271.388,
    "kernelCpuSeconds": 25.5533,
    "cpuConsumptionPercent": 2.10239,
    "fsActivity": {
      "reads": 130752,
      "writes": 31262872
    }
  },
  "libuv": [
  ],
  "environmentVariables": {
    "LESSOPEN": "| /usr/bin/lesspipe %s",
    "npm_package_scripts_analyze_server": "cross-env BUNDLE_ANALYZE=server next build",
    "npm_package_dependencies__material_ui_icons": "4.2.1",
    "USER": "monta",
    "LANGUAGE": "en_US",
    "npm_package_dependencies_node_sass": "4.12.0",
    "npm_package_dependencies__zeit_next_css": "^1.0.1",
    "npm_config_version_commit_hooks": "true",
    "npm_config_user_agent": "yarn/1.22.4 npm/? node/v12.13.1 linux x64",
    "XDG_SEAT": "seat0",
    "npm_package_dependencies_react_datetime": "2.16.3",
    "npm_package_dependencies_mobx_persist": "^0.4.1",
    "npm_package_dependencies_add": "^2.0.6",
    "npm_package_dependencies__material_ui_core": "^4.3.2",
    "npm_config_bin_links": "true",
    "SSH_AGENT_PID": "3500",
    "XDG_SESSION_TYPE": "x11",
    "npm_node_execpath": "/usr/local/bin/node",
    "npm_package_dependencies_react_slick": "0.25.2",
    "npm_config_init_version": "1.0.0",
    "TOOLBOX_VERSION": "1.17.7139",
    "SHLVL": "1",
    "npm_package_devDependencies_yarn_upgrade_all": "^0.5.2",
    "npm_package_dependencies_moment_jalaali": "^0.9.1",
    "OLDPWD": "/home/monta/.local/share/JetBrains/Toolbox/apps/IDEA-U/ch-0/201.7846.76/bin",
    "HOME": "/home/monta",
    "APPDIR": "/tmp/.mount_jetbraUPbVSc",
    "npm_package_devDependencies__babel_plugin_proposal_class_properties": "^7.7.4",
    "DESKTOP_SESSION": "cinnamon",
    "npm_package_dependencies_jss_rtl": "^0.3.0",
    "TERMINAL_EMULATOR": "JetBrains-JediTerm",
    "npm_package_dependencies_next_i18next": "^3.0.1",
    "npm_config_init_license": "MIT",
    "GTK_MODULES": "gail:atk-bridge",
    "XDG_SEAT_PATH": "/org/freedesktop/DisplayManager/Seat0",
    "YARN_WRAP_OUTPUT": "false",
    "npm_package_dependencies_sfcookies": "^1.0.2",
    "npm_config_version_tag_prefix": "v",
    "npm_package_dependencies_webpack": "4.39.3",
    "DBUS_SESSION_BUS_ADDRESS": "unix:path=/run/user/1000/bus",
    "npm_package_dependencies_react_google_maps": "^9.4.5",
    "npm_package_dependencies_moment": "2.24.0",
    "npm_package_keywords_0": "next",
    "npm_package_scripts_install_clean": "rm -rf node_modules/ && rm -rf package-lock.json && rm -rf .next/ && npm install && npm run dev",
    "npm_package_dependencies_react_scripts": "^3.3.0",
    "npm_package_dependencies_react_router_dom": "^5.1.2",
    "npm_package_dependencies_nouislider": "14.0.2",
    "npm_package_dependencies_i18next": "^19.0.2",
    "npm_package_dependencies__fortawesome_free_solid_svg_icons": "^5.12.0",
    "npm_package_keywords_1": "nextjs",
    "npm_package_description": "Apaman reactJs, nextJs, I18N, MaterialUi init on Monta.ir",
    "npm_package_readmeFilename": "README.md",
    "npm_package_homepage": "https://www.monta.ir/apaman",
    "npm_package_keywords_2": "react",
    "MANDATORY_PATH": "/usr/share/gconf/cinnamon.mandatory.path",
    "QT_QPA_PLATFORMTHEME": "qt5ct",
    "npm_package_dependencies_react_notifications": "^1.6.0",
    "npm_package_keywords_3": "reactjs",
    "npm_package_scripts_dev": "node index.js",
    "LOGNAME": "monta",
    "npm_package_keywords_4": "npx",
    "DESKTOP_AUTOSTART_ID": "1058a2589c80da76f1159385669986654000000034080006",
    "OWD": "/home/monta",
    "_": "/home/monta/workspace/monta/appaman-web/node_modules/.bin/yarn",
    "npm_package_dependencies_express": "^4.17.1",
    "npm_package_keywords_5": "material",
    "npm_package_private": "true",
    "DEFAULTS_PATH": "/usr/share/gconf/cinnamon.default.path",
    "npm_package_devDependencies__babel_plugin_proposal_decorators": "^7.8.3",
    "npm_package_keywords_6": "material-design",
    "npm_config_registry": "https://registry.yarnpkg.com",
    "GTK_OVERLAY_SCROLLING": "1",
    "XDG_SESSION_ID": "c2",
    "TERM": "xterm-256color",
    "npm_package_dependencies_path": "0.12.7",
    "npm_package_keywords_7": "material-kit",
    "GNOME_DESKTOP_SESSION_ID": "this-is-deprecated",
    "npm_package_keywords_8": "material-kit-react",
    "npm_package_scripts_start": "next start",
    "npm_config_ignore_scripts": "",
    "npm_package_dependencies_next_images": "1.1.2",
    "npm_package_dependencies__fortawesome_react_fontawesome": "^0.1.8",
    "npm_package_keywords_9": "next-material-kit",
    "PATH": "/tmp/yarn--1593840555122-0.35928814020154576:/home/monta/workspace/monta/appaman-web/node_modules/.bin:/home/monta/.config/yarn/link/node_modules/.bin:/home/monta/.yarn/bin:/usr/local/libexec/lib/node_modules/npm/bin/node-gyp-bin:/usr/local/lib/node_modules/npm/bin/node-gyp-bin:/usr/local/bin/node_modules/npm/bin/node-gyp-bin:/home/monta/workspace/monta/appaman-web/node_modules/.bin:/home/monta/.local/bin:/usr/local/sbin:/usr/local/bin:/usr/sbin:/usr/bin:/sbin:/bin:/usr/games:/usr/local/games:/snap/bin:/media/monta/9ED82D4CD82D23CD/Sdk/emulator:/media/monta/9ED82D4CD82D23CD/Sdk/tools:/media/monta/9ED82D4CD82D23CD/Sdk/tools/bin:/media/monta/9ED82D4CD82D23CD/Sdk/platform-tools:/usr/local/bin/node",
    "NODE": "/usr/local/bin/node",
    "GDM_LANG": "en_US",
    "APPIMAGE": "/home/monta/.local/share/JetBrains/Toolbox/bin/jetbrains-toolbox",
    "SESSION_MANAGER": "local/monta-system:@/tmp/.ICE-unix/3408,unix/monta-system:/tmp/.ICE-unix/3408",
    "npm_package_dependencies_cross_env": "^7.0.2",
    "npm_package_name": "apaman-web",
    "XDG_RUNTIME_DIR": "/run/user/1000",
    "XDG_SESSION_PATH": "/org/freedesktop/DisplayManager/Session0",
    "npm_package_dependencies_react_side_effect": "^2.1.0",
    "npm_package_scripts_analyze": "cross-env ANALYZE=true next build",
    "DISPLAY": ":0",
    "LANG": "en_US.UTF-8",
    "XDG_CURRENT_DESKTOP": "X-Cinnamon",
    "npm_package_dependencies_react_dom": "16.9.0",
    "npm_package_dependencies_material_ui_popup_state": "^1.5.3",
    "LS_COLORS": "rs=0:di=01;34:ln=01;36:mh=00:pi=40;33:so=01;35:do=01;35:bd=40;33;01:cd=40;33;01:or=40;31;01:mi=00:su=37;41:sg=30;43:ca=30;41:tw=30;42:ow=34;42:st=37;44:ex=01;32:*.tar=01;31:*.tgz=01;31:*.arc=01;31:*.arj=01;31:*.taz=01;31:*.lha=01;31:*.lz4=01;31:*.lzh=01;31:*.lzma=01;31:*.tlz=01;31:*.txz=01;31:*.tzo=01;31:*.t7z=01;31:*.zip=01;31:*.z=01;31:*.Z=01;31:*.dz=01;31:*.gz=01;31:*.lrz=01;31:*.lz=01;31:*.lzo=01;31:*.xz=01;31:*.zst=01;31:*.tzst=01;31:*.bz2=01;31:*.bz=01;31:*.tbz=01;31:*.tbz2=01;31:*.tz=01;31:*.deb=01;31:*.rpm=01;31:*.jar=01;31:*.war=01;31:*.ear=01;31:*.sar=01;31:*.rar=01;31:*.alz=01;31:*.ace=01;31:*.zoo=01;31:*.cpio=01;31:*.7z=01;31:*.rz=01;31:*.cab=01;31:*.wim=01;31:*.swm=01;31:*.dwm=01;31:*.esd=01;31:*.jpg=01;35:*.jpeg=01;35:*.mjpg=01;35:*.mjpeg=01;35:*.gif=01;35:*.bmp=01;35:*.pbm=01;35:*.pgm=01;35:*.ppm=01;35:*.tga=01;35:*.xbm=01;35:*.xpm=01;35:*.tif=01;35:*.tiff=01;35:*.png=01;35:*.svg=01;35:*.svgz=01;35:*.mng=01;35:*.pcx=01;35:*.mov=01;35:*.mpg=01;35:*.mpeg=01;35:*.m2v=01;35:*.mkv=01;35:*.webm=01;35:*.ogm=01;35:*.mp4=01;35:*.m4v=01;35:*.mp4v=01;35:*.vob=01;35:*.qt=01;35:*.nuv=01;35:*.wmv=01;35:*.asf=01;35:*.rm=01;35:*.rmvb=01;35:*.flc=01;35:*.avi=01;35:*.fli=01;35:*.flv=01;35:*.gl=01;35:*.dl=01;35:*.xcf=01;35:*.xwd=01;35:*.yuv=01;35:*.cgm=01;35:*.emf=01;35:*.ogv=01;35:*.ogx=01;35:*.aac=00;36:*.au=00;36:*.flac=00;36:*.m4a=00;36:*.mid=00;36:*.midi=00;36:*.mka=00;36:*.mp3=00;36:*.mpc=00;36:*.ogg=00;36:*.ra=00;36:*.wav=00;36:*.oga=00;36:*.opus=00;36:*.spx=00;36:*.xspf=00;36:",
    "XDG_SESSION_DESKTOP": "cinnamon",
    "XAUTHORITY": "/home/monta/.Xauthority",
    "npm_lifecycle_script": "node index.js",
    "npm_package_dependencies_mobx_react_devtools": "^6.1.1",
    "npm_package_dependencies_mobx_react": "^6.1.4",
    "SSH_AUTH_SOCK": "/run/user/1000/keyring/ssh",
    "XDG_GREETER_DATA_DIR": "/var/lib/lightdm-data/monta",
    "npm_package_dependencies_react_swipeable_views": "0.13.3",
    "npm_package_scripts_test": "echo \"Error: no test specified\" && exit 1",
    "npm_config_version_git_message": "v%s",
    "SHELL": "/bin/bash",
    "npm_lifecycle_event": "dev",
    "npm_package_dependencies_mobx": "^5.15.1",
    "npm_package_version": "1.0.0",
    "QT_ACCESSIBILITY": "1",
    "GDMSESSION": "cinnamon",
    "npm_config_argv": "{\"remain\":[],\"cooked\":[\"run\",\"dev\"],\"original\":[\"run\",\"dev\"]}",
    "npm_package_dependencies_perfect_scrollbar": "^1.4.0",
    "npm_package_scripts_build": "next build",
    "LESSCLOSE": "/usr/bin/lesspipe %s %s",
    "npm_config_version_git_tag": "true",
    "npm_config_version_git_sign": "",
    "GPG_AGENT_INFO": "/run/user/1000/gnupg/S.gpg-agent:0:1",
    "npm_package_dependencies_yarn": "^1.22.4",
    "npm_package_dependencies_classnames": "2.2.6",
    "npm_package_dependencies__next_bundle_analyzer": "^9.4.4",
    "npm_package_license": "MIT",
    "npm_package_scripts_analyze_browser": "cross-env BUNDLE_ANALYZE=browser next build",
    "npm_config_strict_ssl": "true",
    "XDG_VTNR": "7",
    "npm_package_dependencies_nextjs_redirect": "1.0.2",
    "npm_package_dependencies_accounting": "^0.4.1",
    "PWD": "/home/monta/workspace/monta/appaman-web",
    "npm_execpath": "/home/monta/workspace/monta/appaman-web/node_modules/yarn/bin/yarn.js",
    "ANDROID_HOME": "/media/monta/9ED82D4CD82D23CD/Sdk",
    "XDG_DATA_DIRS": "/usr/share/cinnamon:/usr/share/gnome:/home/monta/.local/share/flatpak/exports/share:/var/lib/flatpak/exports/share:/usr/local/share:/usr/share:/var/lib/snapd/desktop",
    "XDG_CONFIG_DIRS": "/etc/xdg/xdg-cinnamon:/etc/xdg",
    "npm_package_dependencies_react_loading_image": "^0.5.0",
    "npm_package_dependencies_react_html5_camera_photo": "^1.5.4",
    "npm_package_author_name": "S.Mahdi Hejazi",
    "npm_package_dependencies_styled_components": "4.3.2",
    "npm_package_dependencies_react_dropdown": "^1.7.0",
    "npm_package_dependencies_prop_types": "15.7.2",
    "npm_config_save_prefix": "^",
    "npm_config_ignore_optional": "",
    "npm_package_dependencies_react_scroll_ondrag": "^1.0.0",
    "npm_package_dependencies_react_csv": "^2.0.3",
    "npm_package_dependencies_next": "^9.4.4",
    "npm_package_dependencies_isomorphic_unfetch": "^3.0.0",
    "npm_package_dependencies__zeit_next_sass": "1.0.1",
    "npm_package_dependencies__material_ui_lab": "^4.0.0-alpha.50",
    "npm_package_dependencies__fortawesome_fontawesome_svg_core": "^1.2.26",
    "INIT_CWD": "/home/monta/workspace/monta/appaman-web",
    "npm_package_dependencies_react_modern_calendar_datepicker": "^3.1.3",
    "npm_package_dependencies_react": "16.9.0",
    "npm_package_dependencies_next_compose_plugins": "2.2.0"
  },
  "userLimits": {
    "core_file_size_blocks": {
      "soft": 0,
      "hard": "unlimited"
    },
    "data_seg_size_kbytes": {
      "soft": "unlimited",
      "hard": "unlimited"
    },
    "file_size_blocks": {
      "soft": "unlimited",
      "hard": "unlimited"
    },
    "max_locked_memory_bytes": {
      "soft": 16777216,
      "hard": 16777216
    },
    "max_memory_size_kbytes": {
      "soft": "unlimited",
      "hard": "unlimited"
    },
    "open_files": {
      "soft": 1048576,
      "hard": 1048576
    },
    "stack_size_bytes": {
      "soft": 8388608,
      "hard": "unlimited"
    },
    "cpu_time_seconds": {
      "soft": "unlimited",
      "hard": "unlimited"
    },
    "max_user_processes": {
      "soft": 62018,
      "hard": 62018
    },
    "virtual_memory_kbytes": {
      "soft": "unlimited",
      "hard": "unlimited"
    }
  },
  "sharedObjects": [
    "linux-vdso.so.1",
    "/lib/x86_64-linux-gnu/libdl.so.2",
    "/usr/lib/x86_64-linux-gnu/libstdc++.so.6",
    "/lib/x86_64-linux-gnu/libm.so.6",
    "/lib/x86_64-linux-gnu/libgcc_s.so.1",
    "/lib/x86_64-linux-gnu/libpthread.so.0",
    "/lib/x86_64-linux-gnu/libc.so.6",
    "/lib64/ld-linux-x86-64.so.2",
    "/lib/x86_64-linux-gnu/libnss_files.so.2",
    "/lib/x86_64-linux-gnu/libnss_mdns4_minimal.so.2",
    "/lib/x86_64-linux-gnu/libnss_dns.so.2",
    "/lib/x86_64-linux-gnu/libresolv.so.2",
    "/home/monta/workspace/monta/appaman-web/node_modules/node-sass/vendor/linux-x64-72/binding.node"
  ]
}